ticker,asset_class,value_usd,quantity,price,reported_weight_pct,weight_from_sum_values_pct,weight_difference_ppt,naive_quantity_times_price_residual_usd,equity_identity_checked
AMD,Equity,1301269528.97,2052767.00,633.91,6.36,6.3643340671402164516127846554530679443319110661937,0.0043340671402164516127846554530679443319110661937,0.0000,True
MU,Equity,1098343024.91,1021819.00,1074.89,5.37,5.3718478572026132537624424341005437049162495225321,0.0018478572026132537624424341005437049162495225321,0.0000,True
INTC,Equity,945924017.47,7926959.00,119.33,4.63,4.6263870130545797711571485781212434970364644078036,-0.0036129869454202288428514218787565029635355921964,0.0000,True
CSCO,Equity,696500574.00,6207670.00,112.20,3.41,3.4064905326720441580498340117537241384530935468285,-0.0035094673279558419501659882462758615469064531715,0.0000,True
AMAT,Equity,655069060.04,1213001.00,540.04,3.20,3.2038545761092723467002885277701643119477555654550,0.0038545761092723467002885277701643119477555654550,0.0000,True
JNJ,Equity,623529061.25,2435375.00,256.03,3.05,3.0495966884788412938010868488776307573310376717829,-0.0004033115211587061989131511223692426689623282171,0.0000,True
SNDK,Equity,604887803.19,351681.00,1719.99,2.96,2.9584248051108220787904723965293599792642341173443,-0.0015751948891779212095276034706400207357658826557,0.0000,True
PANW,Equity,548931821.72,1361303.00,403.24,2.68,2.6847516334876679929262757314189775288187977048676,0.0047516334876679929262757314189775288187977048676,0.0000,True
GOOGL,Equity,532924105.50,1551453.00,343.50,2.61,2.6064600486868624716814783488424374547304723860162,-0.0035399513131375283185216511575625452695276139838,0.0000,True
LRCX,Equity,517078672.11,1488039.00,347.49,2.53,2.5289621673583102651738678079015191304904501065288,-0.0010378326416897348261321920984808695095498934712,0.0000,True
XOM,Equity,511721040.60,3120060.00,164.01,2.50,2.5027587129784429080548208236679620411261218918568,0.0027587129784429080548208236679620411261218918568,0.0000,True
STX,Equity,444747656.45,523855.00,848.99,2.18,2.1752009081976776600956212263494424128598186671481,-0.0047990918023223399043787736505575871401813328519,0.0000,True
CAT,Equity,432047663.90,511045.00,845.42,2.11,2.1130869545247830669025021716076312323953651567779,0.0030869545247830669025021716076312323953651567779,0.0000,True
MRVL,Equity,427579165.32,1570308.00,272.29,2.09,2.0912321295953373189856555462224277169386939438830,0.0012321295953373189856555462224277169386939438830,0.0000,True
GOOG,Equity,420993550.05,1236943.00,340.35,2.06,2.0590227719773844471918021785024885727599494665802,-0.0009772280226155528081978214975114272400505334198,0.0000,True
DELL,Equity,401615654.16,713958.00,562.52,1.96,1.9642480921615577409123434785710442913160062597238,0.0042480921615577409123434785710442913160062597238,0.0000,True
UNH,Equity,381598036.30,1026077.00,371.90,1.87,1.8663446183207209282482278276287138428770481058210,-0.0036553816792790717517721723712861571229518941790,0.0000,True
KO,Equity,353582813.85,4128229.00,85.65,1.73,1.7293259372038460554588350395262068428545355405908,-0.0006740627961539445411649604737931571454644594092,0.0000,True
MRK,Equity,349643806.20,2423034.00,144.30,1.71,1.7100607811239491896743481120918468113043585343517,0.0000607811239491896743481120918468113043585343517,0.0000,True
CRWD,Equity,348978092.80,1292320.00,270.04,1.71,1.7068048665142177731408629690208804237606898630240,-0.0031951334857822268591370309791195762393101369760,0.0000,True
WDC,Equity,339829730.55,818295.00,415.29,1.66,1.6620614584577022010433787606419023668019915714135,0.0020614584577022010433787606419023668019915714135,0.0000,True
GEV,Equity,305094034.70,308581.00,988.70,1.49,1.4921738467659412497138707918871448340707838769110,0.0021738467659412497138707918871448340707838769110,0.0000,True
CVX,Equity,282939801.21,1368909.00,206.69,1.38,1.3838204735463364947678590952016868132704465008082,0.0038204735463364947678590952016868132704465008082,0.0000,True
KLAC,Equity,265354217.54,1282586.00,206.89,1.30,1.2978117514869529497209600239551111007989366913445,-0.0021882485130470502790399760448888992010633086555,0.0000,True
TXN,Equity,258057173.40,878343.00,293.80,1.26,1.2621228910504933261208238737393322350550648206362,0.0021228910504933261208238737393322350550648206362,0.0000,True
MPC,Equity,229549024.90,543530.00,422.33,1.12,1.1226933749891630785218575900339782274544115710420,0.0026933749891630785218575900339782274544115710420,0.0000,True
VLO,Equity,221772354.20,545834.00,406.30,1.08,1.0846587256232343743295588004868663220974018926695,0.0046587256232343743295588004868663220974018926695,0.0000,True
HPE,Equity,196281202.95,2831115.00,69.33,0.96,0.95998493691213398077909027807182455105632914169053,-0.00001506308786601922090972192817544894367085830947,0.0000,True
FTNT,Equity,194903235.45,1077111.00,180.95,0.95,0.95324548339507232074324724278871041270853524140583,0.00324548339507232074324724278871041270853524140583,0.0000,True
GS,Equity,187658470.08,207918.00,902.56,0.92,0.91781231138402487674882169880832375245748703839684,-0.00218768861597512325117830119167624754251296160316,0.0000,True
MS,Equity,186189027.26,978346.00,190.31,0.91,0.91062546439280773713054297246406763768289880637167,0.00062546439280773713054297246406763768289880637167,0.0000,True
WELL,Equity,182208760.09,800179.00,227.71,0.89,0.89115851355564970524200637300832513270468843259331,0.00115851355564970524200637300832513270468843259331,0.0000,True
UNP,Equity,181575195.48,652491.00,278.28,0.89,0.88805983434939099523138458499782238235113794116717,-0.00194016565060900476861541500217761764886205883283,0.0000,True
ADI,Equity,178990304.85,429079.00,417.15,0.88,0.87541748230003335061429737063748287257624402384541,-0.00458251769996664938570262936251712742375597615459,0.0000,True
ANET,Equity,174885003.15,843429.00,207.35,0.86,0.85533900441092187886335369912060859691064705578311,-0.00466099558907812113664630087939140308935294421689,0.0000,True
LITE,Equity,171140342.24,157672.00,1085.42,0.84,0.83702437207009902462627581947509569697700144866064,-0.00297562792990097537372418052490430302299855133936,0.0000,True
C,Equity,169459632.00,1318752.00,128.50,0.83,0.82880424457207781096656312201814462127317397114899,-0.00119575542792218903343687798185537872682602885101,0.0000,True
APH,Equity,156989148.88,1805303.00,86.96,0.77,0.76781279062084742020904586093060860659974479176757,-0.00218720937915257979095413906939139340025520823243,0.0000,True
GLW,Equity,150097243.92,914168.00,164.19,0.73,0.73410541136703577412388028725115003132472053580374,0.00410541136703577412388028725115003132472053580374,0.0000,True
PSX,Equity,143019248.16,540552.00,264.58,0.70,0.69948788706513495469798058224402013107544859610347,-0.00051211293486504530201941775597986892455140389653,0.0000,True
DDOG,Equity,135731347.52,489616.00,277.22,0.66,0.66384374625612173552214161668108043180247175994954,0.00384374625612173552214161668108043180247175994954,0.0000,True
BNY,Equity,135679864.60,933149.00,145.40,0.66,0.66359195022590868327040672154165389051218123746273,0.00359195022590868327040672154165389051218123746273,0.0000,True
CVS,Equity,130080280.44,1504514.00,86.46,0.64,0.63620513801067518808273960122303458739773529082117,-0.00379486198932481191726039877696541260226470917883,0.0000,True
CSX,Equity,124452193.59,2623913.00,47.43,0.61,0.60867892297616894647188976946649409635981198950782,-0.00132107702383105352811023053350590364018801049218,0.0000,True
PWR,Equity,121441166.88,179498.00,676.56,0.59,0.59395239673322337693932609390453121803079283388021,0.00395239673322337693932609390453121803079283388021,0.0000,True
COP,Equity,115723383.75,913005.00,126.75,0.57,0.56598748926967701106151075902197063941808822672167,-0.00401251073032298893848924097802936058191177327833,0.0000,True
NET,Equity,109903642.29,314847.00,349.07,0.54,0.53752391734146639630679354073534037502155343107376,-0.00247608265853360369320645926465962497844656892624,0.0000,True
HWM,Equity,104957032.83,453829.00,231.27,0.51,0.51333071646936492879278824133127883147212568529705,0.00333071646936492879278824133127883147212568529705,0.0000,True
ROST,Equity,102818089.14,449891.00,228.54,0.50,0.50286943086258004810830792220237023981898380173707,0.00286943086258004810830792220237023981898380173707,0.0000,True
TER,Equity,101202390.00,225375.00,449.04,0.49,0.49496726390175804073376246936555284764509608262379,0.00496726390175804073376246936555284764509608262379,0.0000,True
BE,Equity,101079322.10,349574.00,289.15,0.49,0.49436535537235339753925670120925107531245945299294,0.00436535537235339753925670120925107531245945299294,0.0000,True
EQIX,Equity,100107194.84,97597.00,1025.72,0.49,0.48961081182801108553139324167202899164263283420224,-0.00038918817198891446860675832797100835736716579776,0.0000,True
TRV,Equity,99820935.44,276988.00,360.38,0.49,0.48821075564372374888167951056130026736215708044233,-0.00178924435627625111832048943869973263784291955767,0.0000,True
ALAB,Equity,89619668.95,255815.00,350.33,0.44,0.43831773470925776489626784103098121239709159058087,-0.00168226529074223510373215896901878760290840941913,0.0000,True
JCI,Equity,89316158.40,571660.00,156.24,0.44,0.43683330547296386186779166916738691293595406885989,-0.00316669452703613813220833083261308706404593114011,0.0000,True
CIEN,Equity,88101982.86,225129.00,391.34,0.43,0.43089493637980075004743586489760975069514115659101,0.00089493637980075004743586489760975069514115659101,0.0000,True
KEYS,Equity,85692407.04,222786.00,384.64,0.42,0.41911002546228946369893511206156776707580402964898,-0.00088997453771053630106488793843223292419597035102,0.0000,True
EOG,Equity,79748499.36,564072.00,141.38,0.39,0.39003917326942873794118212246361781452464830575900,0.00003917326942873794118212246361781452464830575900,0.0000,True
FIX,Equity,78840456.25,45625.00,1728.01,0.39,0.38559805667463741823247373766476102532584569622464,-0.00440194332536258176752626233523897467415430377536,0.0000,True
TGT,Equity,78528684.00,503389.00,156.00,0.38,0.38407322057597418623454210012102658897701817538105,0.00407322057597418623454210012102658897701817538105,0.0000,True
NTAP,Equity,76859619.87,339681.00,226.27,0.38,0.37591005263396542349951378885724844978856832906901,-0.00408994736603457650048621114275155021143167093099,0.0000,True
VRT,Equity,74192112.54,294203.00,252.18,0.36,0.36286363342817409808176673796732863000372266446610,0.00286363342817409808176673796732863000372266446610,0.0000,True
STT,Equity,74031826.76,420731.00,175.96,0.36,0.36207969725859392185341597579919224761872152576989,0.00207969725859392185341597579919224761872152576989,0.0000,True
ALL,Equity,72851533.92,325608.00,223.74,0.36,0.35630704388926504059981625163405265586879232185056,-0.00369295611073495940018374836594734413120767814944,0.0000,True
MAR,Equity,71760770.48,199913.00,358.96,0.35,0.35097226676136450956929000738993880597256792534952,0.00097226676136450956929000738993880597256792534952,0.0000,True
NUE,Equity,71059524.39,295601.00,240.39,0.35,0.34754256654885859967733378320757178168490545674958,-0.00245743345114140032266621679242821831509454325042,0.0000,True
HUM,Equity,69679551.20,179420.00,388.36,0.34,0.34079330347204706498848384462852578050570023018334,0.00079330347204706498848384462852578050570023018334,0.0000,True
TRGP,Equity,68358012.72,242628.00,281.74,0.33,0.33432983669437029084827752599863572282389477226397,0.00432983669437029084827752599863572282389477226397,0.0000,True
MNST,Equity,64658450.84,1505786.00,42.94,0.32,0.31623577763727841670892059124008439710645622919979,-0.00376422236272158329107940875991560289354377080021,0.0000,True
RVMD,Equity,64280744.64,311076.00,206.64,0.31,0.31438846746631575265637208290933569268373253472971,0.00438846746631575265637208290933569268373253472971,0.0000,True
CMI,Equity,63921436.80,120990.00,528.32,0.31,0.31263114119701271886617522878424237261398706172220,0.00263114119701271886617522878424237261398706172220,0.0000,True
FLEX,Equity,63196672.89,541949.00,116.61,0.31,0.30908641849325601891594538780609320735048988414400,-0.00091358150674398108405461219390679264951011585600,0.0000,True
GWW,Equity,62595147.30,48891.00,1280.30,0.31,0.30614443782017912115207221739672865477069511317360,-0.00385556217982087884792778260327134522930488682640,0.0000,True
MPWR,Equity,61667955.09,42833.00,1439.73,0.30,0.30160966555546556783902094216907736864316541814851,0.00160966555546556783902094216907736864316541814851,0.0000,True
FDX,Equity,57376587.80,197605.00,290.36,0.28,0.28062116591698072346430453616656141478920486585445,0.00062116591698072346430453616656141478920486585445,0.0000,True
COHR,Equity,55186929.60,163740.00,337.04,0.27,0.26991184246983635772048547213162576168477289219153,-0.00008815753016364227951452786837423831522710780847,0.0000,True
WAB,Equity,53936465.66,187579.00,287.54,0.26,0.26379599169803529519080982802413997489510807726812,0.00379599169803529519080982802413997489510807726812,0.0000,True
GRMN,Equity,52912062.72,188192.00,281.16,0.26,0.25878577484105477518435241105128259206202470341082,-0.00121422515894522481564758894871740793797529658918,0.0000,True
GM,Equity,50091547.68,639984.00,78.27,0.24,0.24499101552615561483516985043553941579219726076559,0.00499101552615561483516985043553941579219726076559,0.0000,True
TWLO,Equity,48590087.26,164947.00,294.58,0.24,0.23764757476409273799423267389816870634395792595189,-0.00235242523590726200576732610183129365604207404811,0.0000,True
ILMN,Equity,44503335.68,162992.00,273.04,0.22,0.21765982301436838229723373809216279385822418295516,-0.00234017698563161770276626190783720614177581704484,0.0000,True
VTR,Equity,41505560.55,494055.00,84.01,0.20,0.20299810846504956662707812139189078244257334602384,0.00299810846504956662707812139189078244257334602384,0.0000,True
STLD,Equity,40929299.73,176427.00,231.99,0.20,0.20017969438046931621999948063763766288939581595215,0.00017969438046931621999948063763766288939581595215,0.0000,True
OKTA,Equity,39797553.73,188177.00,211.49,0.19,0.19464447706937854992912163931734288553175686186100,0.00464447706937854992912163931734288553175686186100,0.0000,True
OXY,Equity,39238151.04,675588.00,58.08,0.19,0.19190851382889990763899789521224682153257831564358,0.00190851382889990763899789521224682153257831564358,0.0000,True
ROK,Equity,39011854.05,85863.00,454.35,0.19,0.19080172571876235554831754825411281087227657937274,0.00080172571876235554831754825411281087227657937274,0.0000,True
CNC,Equity,38119532.32,605168.00,62.99,0.19,0.18643750027687127684010758012911752054941860573730,-0.00356249972312872315989241987088247945058139426270,0.0000,True
RPRX,Equity,37404360.80,654380.00,57.16,0.18,0.18293969266111376924899449652965790437147387749565,0.00293969266111376924899449652965790437147387749565,0.0000,True
ATI,Equity,37273678.20,193710.00,192.42,0.18,0.18230054165922964491819564892063295153619335661737,0.00230054165922964491819564892063295153619335661737,0.0000,True
EBAY,Equity,36100030.40,339286.00,106.40,0.18,0.17656038828587237795405092162819007053879396517849,-0.00343961171412762204594907837180992946120603482151,0.0000,True
ETR,Equity,35633944.66,353126.00,100.91,0.17,0.17428082568392763945808905923029145342605807163842,0.00428082568392763945808905923029145342605807163842,0.0000,True
CRDO,Equity,34756326.24,158966.00,218.64,0.17,0.16998851215163671305871192733627299306581569055650,-0.00001148784836328694128807266372700693418430944350,0.0000,True
FFIV,Equity,34359477.00,75675.00,454.04,0.17,0.16804757594939591505849589806751518082671943828305,-0.00195242405060408494150410193248481917328056171695,0.0000,True
IRM,Equity,33681252.21,297039.00,113.39,0.16,0.16473046981567076856929275279895646879108473355753,0.00473046981567076856929275279895646879108473355753,0.0000,True
ROIV,Equity,33151017.60,928080.00,35.72,0.16,0.16213716372736874573126658902182945764435700371061,0.00213716372736874573126658902182945764435700371061,0.0000,True
ADM,Equity,32876697.00,408660.00,80.45,0.16,0.16079549860647695051982039530195940243619728194472,0.00079549860647695051982039530195940243619728194472,0.0000,True
NVT,Equity,32850554.40,193740.00,169.56,0.16,0.16066763866963871873739226827124761883232343381870,0.00066763866963871873739226827124761883232343381870,0.0000,True
FANG,Equity,32411063.70,175470.00,184.71,0.16,0.15851814882765703853643347884646036453033968986839,-0.00148185117234296146356652115353963546966031013161,0.0000,True
Q,Equity,32082829.24,244013.00,131.48,0.16,0.15691279827630670932433775138488096130134232741156,-0.00308720172369329067566224861511903869865767258844,0.0000,True
CASY,Equity,31928307.84,51684.00,617.76,0.16,0.15615705491320758572740058414966228378006929275475,-0.00384294508679241427259941585033771621993070724525,0.0000,True
DGX,Equity,30980157.42,132774.00,233.33,0.15,0.15151977886513497869647874531256381144135383493127,0.00151977886513497869647874531256381144135383493127,0.0000,True
NTRS,Equity,30085327.80,175527.00,171.40,0.15,0.14714328767090873695533273886318411501572417121999,-0.00285671232909126304466726113681588498427582878001,0.0000,True
FTI,Equity,29927134.02,434861.00,68.82,0.15,0.14636958319166791415352867219389823148314414175850,-0.00363041680833208584647132780610176851685585824150,0.0000,True
HPQ,Equity,29224638.96,909858.00,32.12,0.14,0.14293377443504960356886019835703823035432087354054,0.00293377443504960356886019835703823035432087354054,0.0000,True
JBL,Equity,29219707.08,95988.00,304.41,0.14,0.14290965327398323149557285772755888127196971665118,0.00290965327398323149557285772755888127196971665118,0.0000,True
WST,Equity,28919555.28,79236.00,364.98,0.14,0.14144165123172723636452197912723614635221336158514,0.00144165123172723636452197912723614635221336158514,0.0000,True
ON,Equity,28833312.95,339655.00,84.89,0.14,0.14101985160710757565760473552237030376372263424916,0.00101985160710757565760473552237030376372263424916,0.0000,True
ODFL,Equity,28493640.96,157877.00,180.48,0.14,0.13935856163644220581609666285573949224623004736336,-0.00064143836355779418390333714426050775376995263664,0.0000,True
IBKR,Equity,28322666.50,320755.00,88.30,0.14,0.13852234857207405626878742399321814328670861141333,-0.00147765142792594373121257600678185671329138858667,0.0000,True
BIIB,Equity,26382961.44,119988.00,219.88,0.13,0.12903551227972369364882395104888888536824836600162,-0.00096448772027630635117604895111111463175163399838,0.0000,True
CRS,Equity,25531025.34,65722.00,388.47,0.12,0.12486880751676172675884869713959229101542075648809,0.00486880751676172675884869713959229101542075648809,0.0000,True
CBOE,Equity,24727790.34,91159.00,271.26,0.12,0.12094029327692876807231190984552898043967043328005,0.00094029327692876807231190984552898043967043328005,0.0000,True
PFG,Equity,24422954.40,218140.00,111.96,0.12,0.11944938173659142544631627108555730876342277103870,-0.00055061826340857455368372891444269123657722896130,0.0000,True
JBHT,Equity,21772637.20,92966.00,234.20,0.11,0.10648703714220221738912521766009969062196605600035,-0.00351296285779778261087478233990030937803394399965,0.0000,True
CFG,Equity,21314072.92,331324.00,64.33,0.10,0.10424426098845051580694629423293915816435983562690,0.00424426098845051580694629423293915816435983562690,0.0000,True
RS,Equity,20559921.60,51360.00,400.31,0.10,0.10055580841901713407811577219844480242255069354797,0.00055580841901713407811577219844480242255069354797,0.0000,True
XPO,Equity,19667852.10,105690.00,186.09,0.10,0.096192816600096559726874194611535105467544620668880,-0.003807183399903440273125805388464894532455379331120,0.0000,True
TPR,Equity,18769268.00,158900.00,118.12,0.09,0.091797962749682318151645474339725093109105202560098,0.001797962749682318151645474339725093109105202560098,0.0000,True
CF,Equity,18145012.69,157769.00,115.01,0.09,0.088744814076347194591191541208500043026512565913492,-0.001255185923652805408808458791499956973487434086508,0.0000,True
UTHR,Equity,17590082.40,32472.00,541.70,0.09,0.086030724742117942485048409411749567491754750547588,-0.003969275257882057514951590588250432508245249452412,0.0000,True
SN,Equity,16243618.04,88972.00,182.57,0.08,0.079445348841307381161433034184876874850300020041435,-0.000554651158692618838566965815123125149699979958565,0.0000,True
CW,Equity,15583478.40,28560.00,545.64,0.08,0.076216694741301526078592685331727388111445250151626,-0.003783305258698473921407314668272611888554749848374,0.0000,True
XTSLA,Money Market,15110791.96,15110792.00,1.00,0.07,0.073904849004355367810830262236284560781129999190128,0.003904849004355367810830262236284560781129999190128,-0.0400,False
DAL,Equity,14152935.63,168307.00,84.09,0.07,0.069220102657247562970991675163407864103646583272783,-0.000779897342752437029008324836592135896353416727217,0.0000,True
NDSN,Equity,12648503.88,37922.00,333.54,0.06,0.061862129520205703808400104392481010890988312272465,0.001862129520205703808400104392481010890988312272465,0.0000,True
LYB,Equity,12117917.38,206861.00,58.58,0.06,0.059267102385291102061546255778312650776202043167130,-0.000732897614708897938453744221687349223797956832870,0.0000,True
USD,Cash,5197626.08,5197626.00,100.00,0.03,0.025420889364391692235405766082200218142461042502566,-0.004579110635608307764594233917799781857538957497434,-514564973.9200,False
SGAFT,Cash Collateral and Margins,1710000.00,1710000.00,100.00,0.01,0.0083633797706952004755493800355416049904860379412648,-0.0016366202293047995244506199644583950095139620587352,-169290000.0000,False
ESZ6,Futures,0.00,59.00,7777.25,0.00,0,0.00,-458857.7500,False
