m_per_environment,sigma,beta,replications,alpha_rmse_all,beta_rmse_all,alpha_median_abs_error,beta_median_abs_error,beta_p95_abs_error,invalid_point_rate,bounded_certificate_rate,beta_interval_narrower_than_domain_rate,beta_interval_median_width,confidence_set_coverage,coefficient_event_rate,false_rejection_rate,epsilon_four_prefix,wald_simultaneous_coverage,wald_beta_median_untruncated_width,response_box_coverage,response_box_bounded_rate,response_box_beta_median_width,cost_design,filter_design
100,0.0001,0,1000,0.0011871052014811312,0.00040897339508874896,0.0007586546040818654,0.00027688801703049765,0.0008040613803461108,0.517,1.0,0.0,1.0,1.0,0.996,0.0,0.00014055644962976873,0.943,0.001750154563031924,1.0,1.0,0.0027723819539208056,wide,direct
1000,0.0001,0,1000,0.00035485614338932463,0.00011767433367630017,0.0002321760704089293,8.178046764768096e-05,0.00023688055240979293,0.507,1.0,0.0,1.0,1.0,0.998,0.0,4.444785206567997e-05,0.964,0.0005534431899946661,1.0,1.0,0.000875855915199494,wide,direct
10000,0.0001,0,1000,0.00011475207838789453,3.83834068229858e-05,8.085281311287495e-05,2.5413165592225928e-05,7.666678465471898e-05,0.492,1.0,1.0,0.3346775541329321,1.0,0.99,0.0,1.4055644962976874e-05,0.958,0.00017501359381378808,1.0,1.0,0.00027775773159618544,wide,direct
100,0.01,0,1000,0.11679136339512275,0.03911464066898558,0.0784940071039939,0.025519611970882546,0.07606519699186592,0.485,0.0,0.0,1.0,1.0,0.993,0.0,0.014055644962976873,0.951,0.1751415052945473,1.0,1.0,1.0,wide,direct
1000,0.01,0,1000,0.03710516422440708,0.012329547776536408,0.025003803292726223,0.008372610179062118,0.023912118715247323,0.506,0.0,0.0,1.0,1.0,0.996,0.0,0.004444785206567997,0.956,0.05539511660769944,1.0,1.0,0.1197588475155289,wide,direct
10000,0.01,0,1000,0.011290618497721153,0.003956149505893021,0.0077632759075945135,0.0026008670746563616,0.007796438554557022,0.502,0.0,0.0,1.0,1.0,0.993,0.0,0.0014055644962976874,0.958,0.017502100454569097,1.0,1.0,0.03035849676165377,wide,direct
100,0.0001,0.6666666666666666,1000,0.0015760432859536705,0.00040392442717186554,0.001064939603742765,0.0002695400669707748,0.0008073715025094907,0.0,1.0,0.0,1.0,1.0,0.992,0.0,0.00014055644962976873,0.961,0.0018328033477674566,1.0,1.0,0.022456093663051513,wide,direct
1000,0.0001,0.6666666666666666,1000,0.000514767183770329,0.000128647784625224,0.00033630989105049025,9.125088168265849e-05,0.00024656755111422386,0.0,1.0,0.0,1.0,1.0,0.995,0.0,4.444785206567997e-05,0.96,0.0005795864460618858,1.0,1.0,0.007100934236431322,wide,direct
10000,0.0001,0.6666666666666666,1000,0.00016422815860817053,4.0393541745618625e-05,0.00011361095571205126,2.671356933880986e-05,7.77830013690417e-05,0.0,1.0,1.0,0.6556367924243256,1.0,0.998,0.0,1.4055644962976874e-05,0.968,0.00018328052406483818,1.0,1.0,0.002245519335583035,wide,direct
100,0.01,0.6666666666666666,1000,0.16786948792955553,0.04142257935755953,0.1069032715383873,0.027206818533986266,0.07996566136144892,0.0,0.0,0.0,1.0,1.0,0.996,0.0,0.014055644962976873,0.943,0.18313839061481763,1.0,1.0,0.8841484070460851,wide,direct
1000,0.01,0.6666666666666666,1000,0.051871609038009886,0.013243740283460788,0.03493467915236659,0.008724481654448057,0.026556402638036908,0.0,0.0,0.0,1.0,1.0,0.995,0.0,0.004444785206567997,0.952,0.057986287547404244,1.0,1.0,0.6081390986714554,wide,direct
10000,0.01,0.6666666666666666,1000,0.01637879199805833,0.004129325604298199,0.010845802879036581,0.0027230262210544143,0.00824143753445753,0.0,0.0,0.0,1.0,1.0,0.998,0.0,0.0014055644962976874,0.949,0.018333435017843562,1.0,1.0,0.22577590946275544,wide,direct
100,0.0001,0.98,1000,0.0020519099414590463,0.0006126301831865565,0.001369440031604885,0.00041683595095864945,0.00115624109463468,0.0,1.0,0.0,1.0,1.0,0.997,0.0,0.00014055644962976873,0.961,0.0027854623342114604,1.0,1.0,0.037100342260161234,wide,direct
1000,0.0001,0.98,1000,0.0006597171217640984,0.00019877234257871694,0.00045481467113428486,0.00014156601173009875,0.00039843416540624174,0.0,1.0,0.0,1.0,1.0,0.993,0.0,4.444785206567997e-05,0.959,0.0008808424648746619,1.0,1.0,0.011731820532809523,wide,direct
10000,0.0001,0.98,1000,0.00021444169356775374,6.105709723750907e-05,0.00013919945372031783,3.8779013336931456e-05,0.00011874304324385184,0.0,1.0,1.0,0.3677083300682433,1.0,0.997,0.0,1.4055644962976874e-05,0.947,0.0002785442263824314,1.0,1.0,0.0037098682700774654,wide,direct
100,0.01,0.98,1000,0.2083214201996814,0.06494943987894429,0.13292445685624443,0.04349782840502375,0.12602995788381308,0.382,0.0,0.0,1.0,1.0,0.996,0.0,0.014055644962976873,0.949,0.2797417878485686,1.0,0.417,1.0,wide,direct
1000,0.01,0.98,1000,0.06454226789915019,0.01903869033715849,0.04623335751944091,0.012671561935461817,0.03674691231263347,0.161,0.0,0.0,1.0,1.0,0.998,0.0,0.004444785206567997,0.963,0.08821850344204557,1.0,1.0,0.449101226568782,wide,direct
10000,0.01,0.98,1000,0.02119912339760157,0.0062969169716358235,0.01317454447343569,0.004257634140934385,0.012745977773863746,0.0,0.0,0.0,1.0,1.0,0.996,0.0,0.0014055644962976874,0.94,0.02786244294171414,1.0,1.0,0.18676978531705157,wide,direct
100,0.0001,0,1000,0.0032910396009978213,0.0007579237959234176,0.0021856161335853663,0.0004955838732318154,0.0014844848556468003,0.539,0.0,0.0,1.0,1.0,0.999,0.0,0.00014055644962976873,0.967,0.003500543110268807,1.0,1.0,0.005614676926500299,wide,front
1000,0.0001,0,1000,0.001032633182300019,0.00024031778838629983,0.0007252105275556975,0.00016259342387430135,0.0004755003850398506,0.489,0.0,0.0,1.0,1.0,0.994,0.0,4.444785206567997e-05,0.972,0.0011068884822946416,1.0,1.0,0.0017721120916756104,wide,front
10000,0.0001,0,1000,0.0003360542126633768,7.893108966039297e-05,0.00022073851474679884,5.5173359976257104e-05,0.0001551084826010565,0.509,1.0,0.0,1.0,1.0,0.997,0.0,1.4055644962976874e-05,0.959,0.0003500275851119119,1.0,1.0,0.0005530535937067306,wide,front
100,0.01,0,1000,0.33755497132240647,0.07723791956384671,0.22800648918778932,0.05302100091642423,0.1504432450454087,0.485,0.0,0.0,1.0,1.0,0.998,0.0,0.014055644962976873,0.956,0.3494513304081043,1.0,0.0,1.0,wide,front
1000,0.01,0,1000,0.10867090143910978,0.025817450938659555,0.07686307109973534,0.01769299177673387,0.05092467852319379,0.524,0.0,0.0,1.0,1.0,0.996,0.0,0.004444785206567997,0.961,0.11098991702418962,1.0,1.0,0.6572789179703857,wide,front
10000,0.01,0,1000,0.032554861778820915,0.007525553394759231,0.02292539847963182,0.004877540406524494,0.015093483464227203,0.502,0.0,0.0,1.0,1.0,0.997,0.0,0.0014055644962976874,0.975,0.035007160911207806,1.0,1.0,0.07446519365707065,wide,front
100,0.0001,0.6666666666666666,1000,0.005275256118475802,0.0006961250831586176,0.00373368399822116,0.000476826882073178,0.001298327043567281,0.0,0.0,0.0,1.0,1.0,0.997,0.0,0.00014055644962976873,0.948,0.00304963711240181,1.0,1.0,0.057517063209586106,wide,front
1000,0.0001,0.6666666666666666,1000,0.0016724584439578472,0.0002173733477050929,0.001107474916647977,0.00014944584818321616,0.0004135328461456477,0.0,0.0,0.0,1.0,1.0,0.991,0.0,4.444785206567997e-05,0.95,0.0009644417012507024,1.0,1.0,0.018182177895887275,wide,front
10000,0.0001,0.6666666666666666,1000,0.0005439074427131382,6.692540327402785e-05,0.00037067650370659067,4.5110446635410195e-05,0.00012672962470868242,0.0,1.0,0.0,1.0,1.0,0.995,0.0,1.4055644962976874e-05,0.951,0.00030499004594483555,1.0,1.0,0.005749617113860628,wide,front
100,0.01,0.6666666666666666,1000,0.5329786884872404,0.06824042199341104,0.35208533834117994,0.045623229390516995,0.13395347320269374,0.0,0.0,0.0,1.0,1.0,0.989,0.0,0.014055644962976873,0.946,0.31204952182025847,1.0,0.0,1.0,wide,front
1000,0.01,0.6666666666666666,1000,0.16882931453445085,0.021914719244191506,0.11377939694595796,0.014486174210150249,0.04398121836875859,0.0,0.0,0.0,1.0,1.0,0.997,0.0,0.004444785206567997,0.95,0.09683820663381731,1.0,1.0,0.8213716766971854,wide,front
10000,0.01,0.6666666666666666,1000,0.05242491116711506,0.006773480425454332,0.03437487842773135,0.004593705378216628,0.013477689836888395,0.0,0.0,0.0,1.0,1.0,0.992,0.0,0.0014055644962976874,0.95,0.030535805900880182,1.0,1.0,0.5627343573326011,wide,front
100,0.0001,0.98,1000,0.00681030576732409,0.0013693942894429662,0.004520706294790067,0.0008974851853790211,0.002608490505752681,0.0,0.0,0.0,1.0,1.0,0.994,0.0,0.00014055644962976873,0.954,0.0061454261395858505,1.0,1.0,0.06818536456890062,wide,front
1000,0.0001,0.98,1000,0.0020398652897280403,0.0004192013674518781,0.0013796891401012257,0.00028781744796202435,0.0007880178686634819,0.0,0.0,0.0,1.0,1.0,0.996,0.0,4.444785206567997e-05,0.965,0.0019433859802705968,1.0,1.0,0.03151211578988239,wide,front
10000,0.0001,0.98,1000,0.0006651683389615397,0.0001298481248538411,0.0004582326305009321,9.063209884041523e-05,0.00025281625256522996,0.0,1.0,0.0,1.0,1.0,0.998,0.0,1.4055644962976874e-05,0.97,0.0006145382352404981,1.0,1.0,0.009963880055460783,wide,front
100,0.01,0.98,1000,0.697013666160798,0.14598197144538705,0.4431326798450532,0.09228321337352452,0.28725190961120245,0.414,0.0,0.0,1.0,1.0,0.995,0.0,0.014055644962976873,0.939,0.6143599567104246,1.0,0.0,1.0,wide,front
1000,0.01,0.98,1000,0.21156841304134014,0.0414016938599017,0.13960975632593042,0.028013406251385264,0.07872193930006749,0.326,0.0,0.0,1.0,1.0,0.993,0.0,0.004444785206567997,0.963,0.19472032593998162,1.0,0.29,1.0,wide,front
10000,0.01,0.98,1000,0.0664575940309389,0.013135149744142977,0.044141150012003916,0.008757115656953918,0.025363322769786537,0.074,0.0,0.0,1.0,1.0,0.995,0.0,0.0014055644962976874,0.972,0.06154039944669985,1.0,1.0,0.3887884668520756,wide,front
100,0.0001,0,1000,1.0983098346694284,0.04469897013033917,0.6560909483967985,0.02619641682295292,0.09212884120705571,0.514,0.0,0.0,1.0,1.0,0.996,0.0,0.00014055644962976873,0.959,0.17741501623174166,1.0,0.0,1.0,wide,weak
1000,0.0001,0,1000,0.2991194558638008,0.012228191229195839,0.18445308027450436,0.007751218951484256,0.023992402548794558,0.486,0.0,0.0,1.0,1.0,0.995,0.0,4.444785206567997e-05,0.971,0.05517002156899331,1.0,0.0,1.0,wide,weak
10000,0.0001,0,1000,0.0963112597801003,0.003920197849687958,0.06593662879912898,0.002672226195658341,0.007960659769987027,0.511,0.0,0.0,1.0,1.0,0.995,0.0,1.4055644962976874e-05,0.971,0.017513811565385697,1.0,1.0,0.07253501202920823,wide,weak
100,0.01,0,1000,187.06839111740683,2.4504838066733066,5.71065098599438,0.23983678233050587,1.330250891884286,0.924,0.0,0.0,1.0,1.0,0.996,0.0,0.014055644962976873,0.779,1.2306682972988439,1.0,0.0,1.0,wide,weak
1000,0.01,0,1000,103.1371384322273,19.196129551500263,5.64693720589305,0.24444018797213282,1.4774914207629701,0.922,0.0,0.0,1.0,1.0,0.996,0.0,0.004444785206567997,0.724,1.1269797623437,1.0,0.0,1.0,wide,weak
10000,0.01,0,1000,147.7735245269829,6.197514437109226,4.7609412508058835,0.2063637854366905,1.7425882172087497,0.846,0.0,0.0,1.0,1.0,0.992,0.0,0.0014055644962976874,0.795,1.6363053910630359,1.0,0.0,1.0,wide,weak
100,0.0001,0.6666666666666666,1000,1.6715675978064106,0.21707744331595658,0.8093396513331025,0.10576270091378509,0.41528557431068297,0.077,0.0,0.0,1.0,1.0,0.993,0.0,0.00014055644962976873,0.947,0.7283725722989542,1.0,0.0,1.0,wide,weak
1000,0.0001,0.6666666666666666,1000,0.3762355080375658,0.04847436792076497,0.25846204049308796,0.03193702571278684,0.09154267038012846,0.0,0.0,0.0,1.0,1.0,0.995,0.0,4.444785206567997e-05,0.968,0.21675954248715565,1.0,0.0,1.0,wide,weak
10000,0.0001,0.6666666666666666,1000,0.12429010518318766,0.015637989398529444,0.07968046791001293,0.010449091902989593,0.02982052974056015,0.0,0.0,0.0,1.0,1.0,0.994,0.0,1.4055644962976874e-05,0.96,0.06809607069106982,1.0,0.0,1.0,wide,weak
100,0.01,0.6666666666666666,1000,82.63129851107787,3.0666409246303004,5.193573142670747,0.47015472697189736,1.2398234330578144,0.92,0.0,0.0,1.0,1.0,0.995,0.0,0.014055644962976873,0.575,1.2779418014734079,1.0,0.0,1.0,wide,weak
1000,0.01,0.6666666666666666,1000,67.2828027716952,2.60161021469031,5.201761594681761,0.5065781471766719,1.6376375234977083,0.874,0.0,0.0,1.0,1.0,0.995,0.0,0.004444785206567997,0.589,1.583463252452174,1.0,0.0,1.0,wide,weak
10000,0.01,0.6666666666666666,1000,731.0868556685163,30.89895773791605,4.442561513835896,0.5789700981797823,4.1233496668627225,0.757,0.0,0.0,1.0,1.0,0.994,0.0,0.0014055644962976874,0.745,3.97226635054093,1.0,0.0,1.0,wide,weak
100,0.0001,0.98,1000,43.818977152010746,6.856913571780377,1.0100767231304497,0.23418689870284093,1.3930301791849578,0.519,0.0,0.0,1.0,1.0,0.997,0.0,0.00014055644962976873,0.935,1.6137247238961865,1.0,0.0,1.0,wide,weak
1000,0.0001,0.98,1000,0.4600480777143984,0.10575586919110692,0.3077352910005029,0.06837999636456227,0.20755596780229782,0.448,0.0,0.0,1.0,1.0,0.998,0.0,4.444785206567997e-05,0.961,0.4653772890900854,1.0,0.0,1.0,wide,weak
10000,0.0001,0.98,1000,0.14320987117230002,0.03315105169867782,0.09416946669698434,0.02199572178024667,0.06633289698725757,0.286,0.0,0.0,1.0,1.0,0.993,0.0,1.4055644962976874e-05,0.972,0.1466848435889526,1.0,0.0,1.0,wide,weak
100,0.01,0.98,1000,126.96999284288594,5.583453028754403,5.274170001582071,0.7778147117578897,1.7474043372585302,0.929,0.0,0.0,1.0,1.0,0.994,0.0,0.014055644962976873,0.458,1.3535437093093687,1.0,0.0,1.0,wide,weak
1000,0.01,0.98,1000,36.39397712177427,1.897999881684967,4.949329377012613,0.8231277915799212,1.9493199064207811,0.881,0.0,0.0,1.0,1.0,0.998,0.0,0.004444785206567997,0.485,1.656173703742926,1.0,0.0,1.0,wide,weak
10000,0.01,0.98,1000,87.45009301985039,17.290113726987183,4.802280738888678,0.97083150591427,3.781404690346404,0.834,0.0,0.0,1.0,1.0,0.998,0.0,0.0014055644962976874,0.688,4.4988899117614665,1.0,0.0,1.0,wide,weak
100,0.0001,0,1000,0.002972272774353101,0.0010785725382651788,0.0020304135480420094,0.0007254066998004598,0.002098699838852586,0.494,0.0,0.0,1.0,1.0,0.998,0.0,0.00014055644962976873,0.963,0.004799811289156049,1.0,1.0,0.008591901815177463,ordinary,direct
1000,0.0001,0,1000,0.0009382066906501314,0.0003318669050007955,0.0006278272123587669,0.0002177860125204831,0.0006381084478945334,0.485,1.0,0.0,1.0,1.0,0.996,0.0,4.444785206567997e-05,0.949,0.0015177484986902672,1.0,1.0,0.002670689113880722,ordinary,direct
10000,0.0001,0,1000,0.0002847593903194266,0.00010491006543282428,0.00017954568945488525,6.769264673952e-05,0.0002121048481584189,0.508,1.0,1.0,0.5698084594702573,1.0,0.997,0.0,1.4055644962976874e-05,0.954,0.00047996679517904757,1.0,1.0,0.0008355164050767988,ordinary,direct
100,0.01,0,1000,0.3064056522202495,0.10759251555308512,0.1958445859496052,0.0736971409825147,0.20487004853523097,0.519,0.0,0.0,1.0,1.0,0.998,0.0,0.014055644962976873,0.951,0.48329162939844184,1.0,0.0,1.0,ordinary,direct
1000,0.01,0,1000,0.0907704182723819,0.033614995805999914,0.060745340630272926,0.021594272083833008,0.06654999646958465,0.528,0.0,0.0,1.0,1.0,0.993,0.0,0.004444785206567997,0.963,0.15191105042942393,1.0,1.0,0.988101662485608,ordinary,direct
10000,0.01,0,1000,0.029991455761240488,0.01079778252146793,0.0207324020351356,0.007581236478487652,0.02021696687145098,0.523,0.0,0.0,1.0,1.0,0.995,0.0,0.0014055644962976874,0.954,0.048006237223318496,1.0,1.0,0.11075928768691397,ordinary,direct
100,0.0001,0.6666666666666666,1000,0.004637974904084916,0.0013075576276883555,0.0031185693751374366,0.0008934164584149529,0.0025091236144781912,0.0,0.0,0.0,1.0,1.0,0.997,0.0,0.00014055644962976873,0.951,0.0059539602880586216,1.0,1.0,0.07370578810151068,ordinary,direct
1000,0.0001,0.6666666666666666,1000,0.0014541481255140956,0.000415497097515123,0.0010097056976208219,0.00029217068990422534,0.0008198570502388868,0.0,1.0,0.0,1.0,1.0,0.994,0.0,4.444785206567997e-05,0.958,0.0018829513702528487,1.0,1.0,0.023295293179940946,ordinary,direct
10000,0.0001,0.6666666666666666,1000,0.0004714065785061893,0.00013027728595589854,0.0003221766314578378,8.895860223667729e-05,0.0002510551260081928,0.0,1.0,1.0,0.9428810299216683,1.0,0.996,0.0,1.4055644962976874e-05,0.952,0.0005954296184265675,1.0,1.0,0.0073658718743441765,ordinary,direct
100,0.01,0.6666666666666666,1000,0.4851740589237412,0.13427640330198995,0.3121231179762016,0.0847261928107263,0.25607226381823467,0.014,0.0,0.0,1.0,1.0,0.993,0.0,0.014055644962976873,0.95,0.6028086656756964,1.0,0.0,1.0,ordinary,direct
1000,0.01,0.6666666666666666,1000,0.1509015493097107,0.04213955060637428,0.10059025851702907,0.027541133662326744,0.08286318596395116,0.0,0.0,0.0,1.0,1.0,0.997,0.0,0.004444785206567997,0.954,0.18831577922581078,1.0,1.0,0.8925684235743561,ordinary,direct
10000,0.01,0.6666666666666666,1000,0.04713511418959504,0.01323660309912754,0.032475240292345386,0.008976959892052827,0.024928020424962612,0.0,0.0,0.0,1.0,1.0,0.995,0.0,0.0014055644962976874,0.952,0.05962791999080043,1.0,1.0,0.6158933826657038,ordinary,direct
100,0.0001,0.98,1000,0.005899844984154725,0.0019820637962897217,0.0038767608510634766,0.0013198113550755841,0.003801342721557982,0.0,0.0,0.0,1.0,1.0,0.995,0.0,0.00014055644962976873,0.951,0.008874031104930267,1.0,1.0,0.07989627362550283,ordinary,direct
1000,0.0001,0.98,1000,0.0018720882965981933,0.0006112138576702075,0.0013210850793030637,0.00041354935624371425,0.0011944831711941213,0.0,1.0,0.0,1.0,1.0,0.994,0.0,4.444785206567997e-05,0.965,0.0028061931411163003,1.0,1.0,0.03925178759373055,ordinary,direct
10000,0.0001,0.98,1000,0.0005952028469919294,0.00019502677363435547,0.0004133222887821031,0.00013290423039008514,0.00037691641142700285,0.0,1.0,1.0,0.6936516832696866,1.0,0.999,0.0,1.4055644962976874e-05,0.966,0.000887430767471407,1.0,1.0,0.01242250125384825,ordinary,direct
100,0.01,0.98,1000,0.6124719185120189,0.2142767116465525,0.3941917680510536,0.13588989601984908,0.4287670878364854,0.463,0.0,0.0,1.0,1.0,0.995,0.0,0.014055644962976873,0.928,0.9077170323506092,1.0,0.0,1.0,ordinary,direct
1000,0.01,0.98,1000,0.18753824728062155,0.06300215877327776,0.12932671616633784,0.04103056674189315,0.12674865474171623,0.366,0.0,0.0,1.0,1.0,0.995,0.0,0.004444785206567997,0.958,0.2805890313166819,1.0,0.019,1.0,ordinary,direct
10000,0.01,0.98,1000,0.06053737445390543,0.02021739258934465,0.04186020473989305,0.012988730911545343,0.039096559083856154,0.159,0.0,0.0,1.0,1.0,0.993,0.0,0.0014055644962976874,0.95,0.08876009354616429,1.0,1.0,0.4672720542094203,ordinary,direct
100,0.0001,0,1000,0.008766291886030212,0.002192949430400401,0.005838655073932442,0.001435644337175296,0.004361863186924892,0.486,0.0,0.0,1.0,1.0,0.994,0.0,0.00014055644962976873,0.955,0.00959828226728681,1.0,1.0,0.01818788394428774,ordinary,front
1000,0.0001,0,1000,0.002775727910397189,0.0006979603968889724,0.0019279236927949306,0.0004887267423840992,0.0013396112722919608,0.507,0.0,0.0,1.0,1.0,0.994,0.0,4.444785206567997e-05,0.961,0.003035586884120622,1.0,1.0,0.005400462759955102,ordinary,front
10000,0.0001,0,1000,0.0008720807782514984,0.00021288628865059504,0.0005780326931994484,0.00014645848555502267,0.00041807060570470296,0.501,1.0,0.0,1.0,1.0,0.992,0.0,1.4055644962976874e-05,0.962,0.0009599298628300552,1.0,1.0,0.0016826898945592876,ordinary,front
100,0.01,0,1000,0.8236543227533094,0.20538877735171962,0.6011185304879916,0.13903054341845986,0.4007695273614611,0.484,0.0,0.0,1.0,1.0,0.993,0.0,0.014055644962976873,0.925,0.9575072397269658,1.0,0.0,1.0,ordinary,front
1000,0.01,0,1000,0.2670207717746381,0.0660301095533954,0.17615151067747425,0.04478644325129454,0.1322260688669229,0.473,0.0,0.0,1.0,1.0,0.997,0.0,0.004444785206567997,0.958,0.30241161122022836,1.0,0.0,1.0,ordinary,front
10000,0.01,0,1000,0.08742121898132592,0.021839363221371467,0.06015369742394561,0.014803802634433764,0.04359330542221099,0.494,0.0,0.0,1.0,1.0,0.992,0.0,0.0014055644962976874,0.952,0.09594232375926164,1.0,1.0,0.5372650755866706,ordinary,front
100,0.0001,0.6666666666666666,1000,0.014285386104261688,0.0020717849950571397,0.0094905029437371,0.0013975671911604093,0.004054575529714366,0.0,0.0,0.0,1.0,1.0,0.991,0.0,0.00014055644962976873,0.954,0.009395274905210846,1.0,1.0,0.1883402856273111,ordinary,front
1000,0.0001,0.6666666666666666,1000,0.004733964590863791,0.0006512114434878392,0.0030450635280927507,0.0004306083571352648,0.0012657991732422877,0.0,0.0,0.0,1.0,1.0,0.995,0.0,4.444785206567997e-05,0.946,0.002970782045744095,1.0,1.0,0.05928793675313421,ordinary,front
10000,0.0001,0.6666666666666666,1000,0.001369666984159737,0.00020580773692154304,0.000925698359065974,0.00013605760068252648,0.00038169802467969956,0.0,1.0,0.0,1.0,1.0,0.998,0.0,1.4055644962976874e-05,0.954,0.0009395739353682517,1.0,1.0,0.018740990377381417,ordinary,front
100,0.01,0.6666666666666666,1000,1.7023188403410703,0.3018152669926116,0.9540635103869474,0.15508700895953526,0.5478205641631754,0.113,0.0,0.0,1.0,1.0,0.999,0.0,0.014055644962976873,0.926,1.097032925251903,1.0,0.0,1.0,ordinary,front
1000,0.01,0.6666666666666666,1000,0.4734943842310989,0.0689577168651036,0.32260706518536164,0.04549088083508401,0.13639174863596876,0.0,0.0,0.0,1.0,1.0,0.995,0.0,0.004444785206567997,0.956,0.30409111857262583,1.0,0.0,1.0,ordinary,front
10000,0.01,0.6666666666666666,1000,0.14522647066373046,0.02083296094968507,0.1001770607563004,0.014227574354559291,0.040901711507179035,0.0,0.0,0.0,1.0,1.0,0.994,0.0,0.0014055644962976874,0.95,0.09421255860726487,1.0,1.0,0.8281969382196561,ordinary,front
100,0.0001,0.98,1000,0.018357418179940996,0.0039512523499042485,0.011736521855744586,0.0025855659748321713,0.007782327177331484,0.0,0.0,0.0,1.0,1.0,0.996,0.0,0.00014055644962976873,0.962,0.017870339544343118,1.0,1.0,0.16717983253681523,ordinary,front
1000,0.0001,0.98,1000,0.005810744732811079,0.0012538027506124585,0.0038507283334721087,0.0008335590839628759,0.0024398359454227848,0.0,0.0,0.0,1.0,1.0,0.993,0.0,4.444785206567997e-05,0.956,0.005649111524026244,1.0,1.0,0.07011609773492117,ordinary,front
10000,0.0001,0.98,1000,0.001898518505360619,0.00040629882467064056,0.0012922957144902991,0.00027529344347609896,0.0008007836056487249,0.0,1.0,0.0,1.0,1.0,0.992,0.0,1.4055644962976874e-05,0.95,0.0017863449301963065,1.0,1.0,0.032829948971064116,ordinary,front
100,0.01,0.98,1000,4.527598659063687,1.6092409669211964,1.2034275058468418,0.28861933316254773,1.1545231327413517,0.408,0.0,0.0,1.0,1.0,0.997,0.0,0.014055644962976873,0.875,1.8233534215248541,1.0,0.0,1.0,ordinary,front
1000,0.01,0.98,1000,0.604047227777503,0.13390730015975708,0.37336886312305806,0.087122351745681,0.25682229895532216,0.423,0.0,0.0,1.0,1.0,0.994,0.0,0.004444785206567997,0.944,0.5692334139974098,1.0,0.0,1.0,ordinary,front
10000,0.01,0.98,1000,0.18381695519705363,0.03954501235936555,0.12410531269237901,0.02515945686538762,0.08138251907917478,0.311,0.0,0.0,1.0,1.0,0.997,0.0,0.0014055644962976874,0.968,0.17925192496610365,1.0,0.035,1.0,ordinary,front
100,0.0001,0,1000,84.89787615113924,3.591656384656983,1.6149458720635743,0.061287815791398734,0.9631637454128109,0.503,0.0,0.0,1.0,1.0,0.994,0.0,0.00014055644962976873,0.885,0.5085746906706308,1.0,0.0,1.0,ordinary,weak
1000,0.0001,0,1000,0.908293206229182,0.037481361557149054,0.5534392081579024,0.023124918790289342,0.07575048587231538,0.505,0.0,0.0,1.0,1.0,0.995,0.0,4.444785206567997e-05,0.966,0.15244922480440803,1.0,0.0,1.0,ordinary,weak
10000,0.0001,0,1000,0.2669405093058121,0.010999463896701709,0.1875697756121868,0.007805454902389919,0.02077713452468526,0.527,0.0,0.0,1.0,1.0,0.992,0.0,1.4055644962976874e-05,0.973,0.04842889479565153,1.0,0.0,1.0,ordinary,weak
100,0.01,0,1000,259.06414617689035,58.674863140221674,4.821614812888079,0.20575889411207116,0.5124715356347057,0.958,0.0,0.0,1.0,1.0,0.996,0.0,0.014055644962976873,0.499,0.49082477070059194,1.0,0.0,1.0,ordinary,weak
1000,0.01,0,1000,16.228542977268937,0.7255089200335806,4.8877056310757885,0.20830248091814002,0.5220998021168651,0.964,0.0,0.0,1.0,1.0,0.99,0.0,0.004444785206567997,0.445,0.39537310186090197,1.0,0.0,1.0,ordinary,weak
10000,0.01,0,1000,25.134139230143326,1.2532785065828782,4.814543491914737,0.20689046168033745,0.66010682486753,0.934,0.0,0.0,1.0,1.0,0.994,0.0,0.0014055644962976874,0.522,0.5405365309734018,1.0,0.0,1.0,ordinary,weak
100,0.0001,0.6666666666666666,1000,120.08759371665772,15.050241444315482,2.1325746089818516,0.35613792622402507,5.398203880407699,0.453,0.0,0.0,1.0,1.0,0.996,0.0,0.00014055644962976873,0.867,2.9125419624244797,1.0,0.0,1.0,ordinary,weak
1000,0.0001,0.6666666666666666,1000,1.6424205653326487,0.19998703447263702,0.7288388716791794,0.09786135421487091,0.3778081073954385,0.069,0.0,0.0,1.0,1.0,0.992,0.0,4.444785206567997e-05,0.931,0.665231695615399,1.0,0.0,1.0,ordinary,weak
10000,0.0001,0.6666666666666666,1000,0.37404012135345605,0.04762788341583843,0.2399868800789955,0.030812377499438937,0.09400595176836413,0.0,0.0,0.0,1.0,1.0,0.995,0.0,1.4055644962976874e-05,0.957,0.20381297640815305,1.0,0.0,1.0,ordinary,weak
100,0.01,0.6666666666666666,1000,176.7616115154175,1.598306748176739,4.695436646420097,0.4758204104430731,0.7847501879952279,0.961,0.0,0.0,1.0,1.0,0.995,0.0,0.014055644962976873,0.345,0.4952976351945847,1.0,0.0,1.0,ordinary,weak
1000,0.01,0.6666666666666666,1000,29.519809498049156,0.859834984807196,4.812195187591882,0.48079174388573853,0.8407333629134831,0.944,0.0,0.0,1.0,1.0,0.993,0.0,0.004444785206567997,0.367,0.5605587582619013,1.0,0.0,1.0,ordinary,weak
10000,0.01,0.6666666666666666,1000,49.1017649952123,1.9366835142883867,4.660012889018956,0.5272881504359939,1.4074599957071643,0.904,0.0,0.0,1.0,1.0,0.995,0.0,0.0014055644962976874,0.457,1.2305438152843449,1.0,0.0,1.0,ordinary,weak
100,0.0001,0.98,1000,183.33329818427893,28.734163442081538,2.4416861076764915,0.6521407997626749,9.733599458570195,0.609,0.0,0.0,1.0,1.0,0.997,0.0,0.00014055644962976873,0.837,6.3362365845540864,1.0,0.0,1.0,ordinary,weak
1000,0.0001,0.98,1000,2.0125626374062677,0.4460827895708839,0.8960264580603756,0.2001266927397855,0.8882973099415258,0.496,0.0,0.0,1.0,1.0,0.997,0.0,4.444785206567997e-05,0.93,1.4265326544128438,1.0,0.0,1.0,ordinary,weak
10000,0.0001,0.98,1000,0.4597801755316751,0.1030701872266135,0.30111181496755135,0.06861500907829698,0.19588965280142745,0.442,0.0,0.0,1.0,1.0,0.997,0.0,1.4055644962976874e-05,0.965,0.43329468044269515,1.0,0.0,1.0,ordinary,weak
100,0.01,0.98,1000,42.98038515529231,1.8123550638253219,4.587359513186067,0.7915583499438497,1.0887660835864175,0.955,0.0,0.0,1.0,1.0,0.994,0.0,0.014055644962976873,0.25,0.5398871114199243,1.0,0.0,1.0,ordinary,weak
1000,0.01,0.98,1000,14.288813166611687,1.3617867827928993,4.746672466985261,0.7963091209774686,1.352810531009791,0.949,0.0,0.0,1.0,1.0,0.995,0.0,0.004444785206567997,0.291,0.5889999882637404,1.0,0.0,1.0,ordinary,weak
10000,0.01,0.98,1000,100.44031652652644,19.51767774418965,4.727387159095782,0.8536987799229698,1.9499851880571468,0.924,0.0,0.0,1.0,1.0,0.997,0.0,0.0014055644962976874,0.427,1.5175860107996606,1.0,0.0,1.0,ordinary,weak
100,0.0001,0,1000,0.13189165744039688,0.05957618478097219,0.08592612693775914,0.03875191937679317,0.11903305249783427,0.514,0.0,0.0,1.0,1.0,0.995,0.0,0.00014055644962976873,0.948,0.2669402749661034,1.0,0.875,1.0,close,direct
1000,0.0001,0,1000,0.04046093631252507,0.018840819820505998,0.027591527577734087,0.013362415736007556,0.03712269015041324,0.48,0.0,0.0,1.0,1.0,0.998,0.0,4.444785206567997e-05,0.951,0.08454097125664312,1.0,1.0,0.24380884112681173,close,direct
10000,0.0001,0,1000,0.012801563071981307,0.0057759242292119576,0.009258941151005562,0.0038868765952671173,0.01195230538521543,0.507,0.0,0.0,1.0,1.0,0.996,0.0,1.4055644962976874e-05,0.965,0.026718215897080545,1.0,1.0,0.0573372074320003,close,direct
100,0.01,0,1000,21.969916685302735,11.042877822638308,2.7143043599210666,0.6391560128515805,8.996310793657189,0.928,0.0,0.0,1.0,1.0,0.994,0.0,0.014055644962976873,0.605,9.056565699883581,1.0,0.0,1.0,close,direct
1000,0.01,0,1000,70.24626493203245,27.377788262352862,2.157985956586319,0.8961185424998861,10.26762359787718,0.779,0.0,0.0,1.0,1.0,0.993,0.0,0.004444785206567997,0.82,8.661062120971355,1.0,0.0,1.0,close,direct
10000,0.01,0,1000,7.387340738162208,1.484311433855666,0.8705182085449054,0.39840740149506154,1.4841160636801036,0.585,0.0,0.0,1.0,1.0,0.994,0.0,0.0014055644962976874,0.902,2.5338597125515085,1.0,0.0,1.0,close,direct
100,0.0001,0.6666666666666666,1000,0.21496633268970688,0.10094068090848721,0.14295578224639338,0.06438380911590019,0.195192843358217,0.002,0.0,0.0,1.0,1.0,0.994,0.0,0.00014055644962976873,0.947,0.445452298882297,1.0,0.0,1.0,close,direct
1000,0.0001,0.6666666666666666,1000,0.06604009945313455,0.03272672541484637,0.0455474259209363,0.020612690786342314,0.06353210495040659,0.0,0.0,0.0,1.0,1.0,0.992,0.0,4.444785206567997e-05,0.949,0.14170065378030328,1.0,1.0,0.7477424860877773,close,direct
10000,0.0001,0.6666666666666666,1000,0.02089134161131414,0.009704323241096116,0.01434835463757822,0.006383849840423783,0.019104820311031133,0.0,0.0,0.0,1.0,1.0,0.997,0.0,1.4055644962976874e-05,0.954,0.04468363113750809,1.0,1.0,0.39461966280391514,close,direct
100,0.01,0.6666666666666666,1000,30.710165704362378,33.432278412907074,2.6104423403604873,1.1008372028968338,7.404999585085531,0.93,0.0,0.0,1.0,1.0,0.994,0.0,0.014055644962976873,0.547,8.132717870453359,1.0,0.0,1.0,close,direct
1000,0.01,0.6666666666666666,1000,93.32470328622664,28.71066976064208,2.4276772689416046,1.2600593259216626,9.037167045857982,0.792,0.0,0.0,1.0,1.0,0.992,0.0,0.004444785206567997,0.674,7.977782652232082,1.0,0.0,1.0,close,direct
10000,0.01,0.6666666666666666,1000,34.14296474342648,9.743942066502632,1.2210192964209703,0.5796889983289181,5.103750852277303,0.527,0.0,0.0,1.0,1.0,0.995,0.0,0.0014055644962976874,0.851,3.791011623354233,1.0,0.0,1.0,close,direct
100,0.0001,0.98,1000,0.26894419566488004,0.14017646355860836,0.18120381933968677,0.09863583643723023,0.2644788911290683,0.461,0.0,0.0,1.0,1.0,0.991,0.0,0.00014055644962976873,0.952,0.6079867898011315,1.0,0.0,1.0,close,direct
1000,0.0001,0.98,1000,0.08228409422257635,0.043874051841535394,0.05500824281115757,0.03004120393690668,0.09022782734184405,0.33,0.0,0.0,1.0,1.0,0.993,0.0,4.444785206567997e-05,0.953,0.19453039801659322,1.0,1.0,0.64119459226309,close,direct
10000,0.0001,0.98,1000,0.026165167671388802,0.01351067695439926,0.016731010190856654,0.009356558574831697,0.02639312608847632,0.075,0.0,0.0,1.0,1.0,0.997,0.0,1.4055644962976874e-05,0.954,0.06140968332624183,1.0,1.0,0.2883086706002841,close,direct
100,0.01,0.98,1000,47.54314396709507,60.98057580304957,2.5998993280306006,1.3937851992192485,8.807621862795314,0.941,0.0,0.0,1.0,1.0,0.993,0.0,0.014055644962976873,0.511,7.748472965793688,1.0,0.0,1.0,close,direct
1000,0.01,0.98,1000,44.694358467704646,26.094329025001525,2.4774183023373935,1.5197358990529284,10.096515597791582,0.805,0.0,0.0,1.0,1.0,0.994,0.0,0.004444785206567997,0.625,7.49259039637218,1.0,0.0,1.0,close,direct
10000,0.01,0.98,1000,147.21291433701506,144.92208745158155,1.425175174298859,0.8032198860110948,9.95276366732738,0.581,0.0,0.0,1.0,1.0,0.989,0.0,0.0014055644962976874,0.818,4.907604951695001,1.0,0.0,1.0,close,direct
100,0.0001,0,1000,0.34069454579223807,0.12000548995302575,0.22870033283133795,0.07948817750484644,0.2358143705968418,0.492,0.0,0.0,1.0,1.0,0.994,0.0,0.00014055644962976873,0.958,0.534360449394643,1.0,0.0,1.0,close,front
1000,0.0001,0,1000,0.10676824017308273,0.0379950249668677,0.07268037411772243,0.024927850912997783,0.07556378022289365,0.5,0.0,0.0,1.0,1.0,0.997,0.0,4.444785206567997e-05,0.958,0.1690953499565798,1.0,0.969,1.0,close,front
10000,0.0001,0,1000,0.03524204835650346,0.012162979903952993,0.023617785411658376,0.00839674902923544,0.024624194853640393,0.492,0.0,0.0,1.0,1.0,0.998,0.0,1.4055644962976874e-05,0.948,0.05345089217294052,1.0,1.0,0.1539638417174783,close,front
100,0.01,0,1000,65.62904572821715,25.702966126186677,2.740835307026983,1.1204223822695645,12.86490718721911,0.98,0.0,0.0,1.0,1.0,0.99,0.0,0.014055644962976873,0.799,12.16792825323671,1.0,0.0,1.0,close,front
1000,0.01,0,1000,75.86037883378135,49.61167021948515,2.483800332611892,1.0969037219683733,15.070992131711137,0.904,0.0,0.0,1.0,1.0,0.993,0.0,0.004444785206567997,0.8,12.164326891913593,1.0,0.0,1.0,close,front
10000,0.01,0,1000,31.271291474607697,6.995264307117412,1.9845986924473582,0.6393242500248709,6.2578521011212125,0.659,0.0,0.0,1.0,1.0,0.993,0.0,0.0014055644962976874,0.851,5.54092605817519,1.0,0.0,1.0,close,front
100,0.0001,0.6666666666666666,1000,0.5794967619746975,0.15830825068488463,0.380617065056309,0.10366907120096852,0.3121083050406318,0.025,0.0,0.0,1.0,1.0,0.995,0.0,0.00014055644962976873,0.96,0.6825502830023433,1.0,0.0,1.0,close,front
1000,0.0001,0.6666666666666666,1000,0.18392622329116295,0.04863842533390671,0.12495866553983559,0.030750950110839947,0.09677022705200444,0.0,0.0,0.0,1.0,1.0,0.997,0.0,4.444785206567997e-05,0.949,0.21304622115596533,1.0,0.834,0.955373025868884,close,front
10000,0.0001,0.6666666666666666,1000,0.05806878535877859,0.01441139027356227,0.0410596174336999,0.009538257510605663,0.028285997421549018,0.0,0.0,0.0,1.0,1.0,0.997,0.0,1.4055644962976874e-05,0.956,0.06683046746249166,1.0,1.0,0.6859393244073234,close,front
100,0.01,0.6666666666666666,1000,80.72656499052457,47.74382786349566,2.6091516303457647,1.302216719180618,10.48742421644976,0.981,0.0,0.0,1.0,1.0,0.992,0.0,0.014055644962976873,0.698,9.617421726320757,1.0,0.0,1.0,close,front
1000,0.01,0.6666666666666666,1000,32.517393937951724,24.53133932596113,2.5031115284613428,1.2909205952440035,8.534338110947665,0.926,0.0,0.0,1.0,1.0,0.996,0.0,0.004444785206567997,0.702,9.887923235555618,1.0,0.0,1.0,close,front
10000,0.01,0.6666666666666666,1000,194.5411646052717,39.72202147982939,2.4064226230367867,1.0599053132209508,9.244827876622177,0.703,0.0,0.0,1.0,1.0,0.992,0.0,0.0014055644962976874,0.796,7.495158527225671,1.0,0.0,1.0,close,front
100,0.0001,0.98,1000,0.807693671622417,0.23590280852607104,0.49185723381139446,0.1390367315051868,0.4311797277672084,0.452,0.0,0.0,1.0,1.0,0.993,0.0,0.00014055644962976873,0.93,0.9765705433359674,1.0,0.0,1.0,close,front
1000,0.0001,0.98,1000,0.2325366384161682,0.06937288757795071,0.1485193297713907,0.0470699158484289,0.13678812460227738,0.369,0.0,0.0,1.0,1.0,0.997,0.0,4.444785206567997e-05,0.95,0.3047225212803618,1.0,0.0,1.0,close,front
10000,0.0001,0.98,1000,0.0733157975031255,0.02122162422330482,0.04946470063001929,0.014589874288462923,0.041720571157792784,0.19,0.0,0.0,1.0,1.0,0.998,0.0,1.4055644962976874e-05,0.957,0.09573127214310684,1.0,1.0,0.5621603560614139,close,front
100,0.01,0.98,1000,62.51895182107257,21.98233747410386,2.5742251986180986,1.512613935903677,9.152868842901986,0.977,0.0,0.0,1.0,1.0,0.994,0.0,0.014055644962976873,0.649,9.226237142928273,1.0,0.0,1.0,close,front
1000,0.01,0.98,1000,60.88596831663193,17.55324820400926,2.508553999828,1.6045690180885277,9.88522158871527,0.93,0.0,0.0,1.0,1.0,0.996,0.0,0.004444785206567997,0.646,10.344152395397376,1.0,0.0,1.0,close,front
10000,0.01,0.98,1000,284.9249287037826,41.4045598679668,2.44088356166936,1.322573539103729,7.311037961771685,0.696,0.0,0.0,1.0,1.0,0.995,0.0,0.0014055644962976874,0.693,7.539961829783888,1.0,0.0,1.0,close,front
100,0.0001,0,1000,3.771485097225681,0.18100968116742497,3.6288127285664267,0.1560307321166462,0.18323511439845708,0.991,0.0,0.0,1.0,1.0,0.995,0.0,0.00014055644962976873,0.209,0.07805128420015792,1.0,0.0,1.0,close,weak
1000,0.0001,0,1000,23.57080100939044,0.4274483227902553,3.6378628426204345,0.1593585260638638,0.28990603607840865,0.965,0.0,0.0,1.0,1.0,0.993,0.0,4.444785206567997e-05,0.265,0.13073062283119075,1.0,0.0,1.0,close,weak
10000,0.0001,0,1000,47.67875801714292,1.5799696600195574,3.2116554255336194,0.1690593324726537,0.6280181512772101,0.808,0.0,0.0,1.0,1.0,0.995,0.0,1.4055644962976874e-05,0.541,0.8306583237758176,1.0,0.0,1.0,close,weak
100,0.01,0,1000,3.8413904552287184,0.15563137395413928,3.5953250960329943,0.15049835929552924,0.18258374819137171,0.995,0.0,0.0,1.0,1.0,0.996,0.0,0.014055644962976873,0.231,0.21591940591926512,1.0,0.0,1.0,close,weak
1000,0.01,0,1000,3.6319560002083087,0.15008904171475893,3.63121123256873,0.15566963253780092,0.17109527018986967,0.997,0.0,0.0,1.0,1.0,0.995,0.0,0.004444785206567997,0.15,0.07021995181409912,1.0,0.0,1.0,close,weak
10000,0.01,0,1000,25.91898331744231,1.5983063338391024,3.631654932650373,0.1556884750441652,0.17350574492567253,0.999,0.0,0.0,1.0,1.0,0.996,0.0,0.0014055644962976874,0.158,0.07320005982864301,1.0,0.0,1.0,close,weak
100,0.0001,0.6666666666666666,1000,3.9333350838686063,0.6688898417642847,3.6370914156762386,0.5122066893285637,0.6749983170535448,0.993,0.0,0.0,1.0,1.0,0.995,0.0,0.00014055644962976873,0.148,0.15314860559515012,1.0,0.0,1.0,close,weak
1000,0.0001,0.6666666666666666,1000,8.397013479946978,1.6339972737964459,3.6999600909404773,0.5301715343593283,0.9266849611644657,0.955,0.0,0.0,1.0,1.0,0.994,0.0,4.444785206567997e-05,0.248,0.3276538899368159,1.0,0.0,1.0,close,weak
10000,0.0001,0.6666666666666666,1000,40.52360237910941,8.368376735925612,3.5893493749106824,0.5925253048000525,2.0444479648583145,0.849,0.0,0.0,1.0,1.0,0.993,0.0,1.4055644962976874e-05,0.444,2.2400706673734656,1.0,0.0,1.0,close,weak
100,0.01,0.6666666666666666,1000,6.996236746999143,1.078226968234226,3.6071951555857846,0.5143002675786226,0.6845565634042492,0.992,0.0,0.0,1.0,1.0,0.994,0.0,0.014055644962976873,0.145,0.24780344263143245,1.0,0.0,1.0,close,weak
1000,0.01,0.6666666666666666,1000,8.429903289553556,0.5252192464874285,3.634380519464162,0.506719224299487,0.6520422840693679,0.999,0.0,0.0,1.0,1.0,0.995,0.0,0.004444785206567997,0.121,0.09037425565686942,1.0,0.0,1.0,close,weak
10000,0.01,0.6666666666666666,1000,3.6804814672486126,0.5238536378866014,3.6325014880835043,0.5067375838228292,0.639018034833403,0.994,0.0,0.0,1.0,1.0,0.995,0.0,0.0014055644962976874,0.141,0.0841089773327014,1.0,0.0,1.0,close,weak
100,0.0001,0.98,1000,4.3787595611725285,0.8706426116024994,3.647135531017916,0.8258214920510019,1.016058728114477,0.985,0.0,0.0,1.0,1.0,0.997,0.0,0.00014055644962976873,0.147,0.18551352798041984,1.0,0.0,1.0,close,weak
1000,0.0001,0.98,1000,4.735321676764198,1.1714264088292365,3.7161538935370126,0.8484666139832331,1.2309469326517797,0.962,0.0,0.0,1.0,1.0,0.993,0.0,4.444785206567997e-05,0.223,0.45717992398415763,1.0,0.0,1.0,close,weak
10000,0.0001,0.98,1000,52.07827726100506,14.34278045800354,3.6947527766371246,0.9260744008529538,2.5684967676608172,0.902,0.0,0.0,1.0,1.0,0.998,0.0,1.4055644962976874e-05,0.394,2.088263191982832,1.0,0.0,1.0,close,weak
100,0.01,0.98,1000,13.877370441913094,1.006032466782846,3.6339511799999746,0.8247292344809445,1.0041097420855134,0.999,0.0,0.0,1.0,1.0,0.997,0.0,0.014055644962976873,0.087,0.25686345849623105,1.0,0.0,1.0,close,weak
1000,0.01,0.98,1000,3.6522757620952677,0.8320017911760809,3.6314319303357516,0.8174543210167895,0.9233681075302417,0.996,0.0,0.0,1.0,1.0,0.996,0.0,0.004444785206567997,0.077,0.10162373302326833,1.0,0.0,1.0,close,weak
10000,0.01,0.98,1000,3.6466388482650913,0.830352554450229,3.633575672891183,0.8169192365371065,0.9198662739749893,0.999,0.0,0.0,1.0,1.0,0.993,0.0,0.0014055644962976874,0.08,0.09254802488879862,1.0,0.0,1.0,close,weak
